-- phpMyAdmin SQL Dump
-- version 5.1.2
-- https://www.phpmyadmin.net/
--
-- 主機： localhost:3306
-- 產生時間： 2025-09-01 08:28:09
-- 伺服器版本： 5.7.24
-- PHP 版本： 8.3.1

SET SQL_MODE = "NO_AUTO_VALUE_ON_ZERO";
START TRANSACTION;
SET time_zone = "+00:00";


/*!40101 SET @OLD_CHARACTER_SET_CLIENT=@@CHARACTER_SET_CLIENT */;
/*!40101 SET @OLD_CHARACTER_SET_RESULTS=@@CHARACTER_SET_RESULTS */;
/*!40101 SET @OLD_COLLATION_CONNECTION=@@COLLATION_CONNECTION */;
/*!40101 SET NAMES utf8mb4 */;

--
-- 資料庫: `pet_adoption`
--

-- --------------------------------------------------------

--
-- 資料表結構 `abuse_reports`
--

CREATE TABLE `abuse_reports` (
  `id` bigint(20) NOT NULL,
  `post_id` int(10) UNSIGNED NOT NULL,
  `reporter_user_id` int(10) UNSIGNED NOT NULL,
  `reason_code` varchar(50) DEFAULT NULL,
  `note` text,
  `created_at` datetime NOT NULL DEFAULT CURRENT_TIMESTAMP
) ENGINE=InnoDB DEFAULT CHARSET=utf8;

-- --------------------------------------------------------

--
-- 資料表結構 `adopt_applications`
--

CREATE TABLE `adopt_applications` (
  `id` bigint(20) NOT NULL,
  `post_id` int(10) UNSIGNED NOT NULL,
  `applicant_user_id` int(10) UNSIGNED NOT NULL,
  `message` text,
  `status` enum('pending','approved','rejected','cancelled') NOT NULL DEFAULT 'pending',
  `reviewed_by_user_id` int(10) UNSIGNED DEFAULT NULL,
  `created_at` datetime NOT NULL DEFAULT CURRENT_TIMESTAMP,
  `updated_at` datetime NOT NULL DEFAULT CURRENT_TIMESTAMP ON UPDATE CURRENT_TIMESTAMP,
  `approved_at` datetime DEFAULT NULL,
  `rejected_at` datetime DEFAULT NULL,
  `reject_reason` varchar(255) DEFAULT NULL
) ENGINE=InnoDB DEFAULT CHARSET=utf8;

--
-- 傾印資料表的資料 `adopt_applications`
--

INSERT INTO `adopt_applications` (`id`, `post_id`, `applicant_user_id`, `message`, `status`, `reviewed_by_user_id`, `created_at`, `updated_at`, `approved_at`, `rejected_at`, `reject_reason`) VALUES
(6, 22, 1, '123站著穿', 'approved', 2, '2025-08-26 00:53:35', '2025-08-26 01:38:40', '2025-08-26 01:38:40', NULL, NULL),
(7, 25, 1, '欸欸 羅傑說你是2486', 'approved', 2, '2025-08-26 02:46:17', '2025-08-26 02:47:27', '2025-08-26 02:47:27', NULL, NULL),
(8, 24, 1, '我比較喜歡吃花枝丸', 'approved', 2, '2025-08-26 02:46:37', '2025-08-26 02:47:33', '2025-08-26 02:47:33', NULL, NULL),
(9, 23, 1, '看起來好可愛 我可以領養嗎', 'rejected', 2, '2025-08-30 13:20:20', '2025-08-30 13:28:54', NULL, '2025-08-30 13:28:54', '已由其他申請者獲准'),
(10, 23, 8, '我也想領養 請讓我試試看', 'approved', 2, '2025-08-30 13:22:34', '2025-08-30 13:28:54', '2025-08-30 13:28:54', NULL, NULL),
(11, 27, 1, '好可愛喔 可以讓我領養嗎', 'approved', 2, '2025-09-01 11:32:19', '2025-09-01 11:32:46', '2025-09-01 11:32:46', NULL, NULL),
(12, 28, 1, '給我領養1', 'rejected', 2, '2025-09-01 14:15:50', '2025-09-01 15:22:43', NULL, '2025-09-01 15:22:44', '已由其他申請者獲准'),
(13, 28, 8, '給我領養2', 'approved', 2, '2025-09-01 14:16:20', '2025-09-01 15:22:44', '2025-09-01 15:22:44', NULL, NULL),
(14, 29, 1, '忍者哈特利的狗', 'approved', 2, '2025-09-01 15:30:25', '2025-09-01 15:30:41', '2025-09-01 15:30:41', NULL, NULL);

-- --------------------------------------------------------

--
-- 資料表結構 `adopt_feedbacks`
--

CREATE TABLE `adopt_feedbacks` (
  `id` bigint(20) NOT NULL,
  `post_id` bigint(20) NOT NULL,
  `adopter_user_id` bigint(20) NOT NULL,
  `feedback_date` datetime NOT NULL DEFAULT CURRENT_TIMESTAMP,
  `note` text,
  `image_url` varchar(255) DEFAULT NULL,
  `verified_by_employee_id` bigint(20) DEFAULT NULL
) ENGINE=InnoDB DEFAULT CHARSET=utf8;

-- --------------------------------------------------------

--
-- 資料表結構 `adopt_posts`
--

CREATE TABLE `adopt_posts` (
  `id` int(10) UNSIGNED NOT NULL,
  `title` varchar(120) NOT NULL,
  `species` varchar(30) NOT NULL,
  `breed` varchar(60) DEFAULT NULL,
  `sex` enum('male','female','unknown') DEFAULT 'unknown',
  `age` varchar(60) DEFAULT NULL,
  `neutered` enum('yes','no','unknown') NOT NULL DEFAULT 'unknown',
  `body_type` varchar(30) DEFAULT NULL,
  `color` varchar(60) DEFAULT NULL,
  `city` varchar(60) DEFAULT NULL,
  `district` varchar(60) DEFAULT NULL,
  `description` text,
  `image1` varchar(255) DEFAULT NULL,
  `image2` varchar(255) DEFAULT NULL,
  `image3` varchar(255) DEFAULT NULL,
  `source_type` enum('user','platform') NOT NULL,
  `status` enum('pending','approved','on_hold','closed','cancelled','rejected') NOT NULL DEFAULT 'pending',
  `posted_by_user_id` int(10) UNSIGNED DEFAULT NULL,
  `contact_name` varchar(80) DEFAULT NULL,
  `contact_phone` varchar(40) DEFAULT NULL,
  `contact_method` enum('call_sms','line_only') NOT NULL DEFAULT 'call_sms',
  `contact_line` varchar(80) DEFAULT NULL,
  `adopter_age_limit` enum('any','age20plus','age25plus') NOT NULL DEFAULT 'any',
  `require_home_visit` tinyint(1) NOT NULL DEFAULT '0',
  `require_contract` tinyint(1) NOT NULL DEFAULT '0',
  `require_followup` tinyint(1) NOT NULL DEFAULT '0',
  `created_at` datetime NOT NULL DEFAULT CURRENT_TIMESTAMP,
  `updated_at` datetime NOT NULL DEFAULT CURRENT_TIMESTAMP ON UPDATE CURRENT_TIMESTAMP
) ENGINE=InnoDB DEFAULT CHARSET=utf8;

--
-- 傾印資料表的資料 `adopt_posts`
--

INSERT INTO `adopt_posts` (`id`, `title`, `species`, `breed`, `sex`, `age`, `neutered`, `body_type`, `color`, `city`, `district`, `description`, `image1`, `image2`, `image3`, `source_type`, `status`, `posted_by_user_id`, `contact_name`, `contact_phone`, `contact_method`, `contact_line`, `adopter_age_limit`, `require_home_visit`, `require_contract`, `require_followup`, `created_at`, `updated_at`) VALUES
(2, '測試民眾送養', '狗', '米克斯', 'male', '成年', 'unknown', '中型', '黑白', '台中市', '北屯區', '這是一隻非常乖巧的狗狗', 'https://example.com/img1.jpg', 'https://example.com/img2.jpg', NULL, 'user', 'closed', NULL, '小王', '0912-345-678', 'call_sms', NULL, 'any', 0, 0, 0, '2025-08-11 15:27:03', '2025-08-18 10:20:14'),
(3, '管理員測試刊登', '狗', '黃金獵犬', 'male', '幼年', 'unknown', '大型', '金色', '台中市', '西區', '這是一隻可愛的黃金獵犬，等待領養', 'https://example.com/img1.jpg', 'https://example.com/img2.jpg', NULL, 'platform', 'closed', NULL, '小李', '0912-345-678', 'call_sms', NULL, 'any', 0, 0, 0, '2025-08-11 15:56:18', '2025-08-18 11:48:56'),
(5, '小扁', '蛇', '青竹絲', 'male', '幼年', 'unknown', '小型', '綠色', '台中市', '西區', '被車輾過', 'https://example.com/img1.jpg', 'https://example.com/img2.jpg', 'https://example.com/img3.jpg', 'platform', 'closed', NULL, '阿罵', '0969269269', 'call_sms', '', 'any', 0, 0, 0, '2025-08-12 16:25:14', '2025-08-18 11:48:41'),
(6, '佩琪', '豬', '豬', 'female', '幼年', 'unknown', '大型', '膚色', '台中市', '北屯區', '佩琪母豬給人騎', 'https://example.com/img1.jpg', 'https://example.com/img2.jpg', 'https://example.com/img3.jpg', 'user', 'closed', NULL, '陳佩琪', '0987487487', 'call_sms', '269269', 'any', 0, 0, 0, '2025-08-12 16:29:04', '2025-08-18 10:20:19'),
(7, '小菊', '貓', '虎斑貓', 'female', '幼年', 'unknown', '中型', '橘色', '台中市', '西屯區', '只會吃', 'https://example.com/img1.jpg', 'https://example.com/img2.jpg', 'https://example.com/img3.jpg', 'user', 'closed', NULL, '菊花', '0900123456', 'call_sms', '123456', 'any', 0, 0, 0, '2025-08-13 09:44:29', '2025-08-18 10:20:22'),
(8, '小白', '狗', '馬爾濟斯', 'male', '幼年', 'no', '小型', '白色', '台中市', '中區', '蠟筆小新的狗', 'https://example.com/img1.jpg', 'https://example.com/img2.jpg', 'https://example.com/img3.jpg', 'user', 'closed', NULL, '小王', '0976875287', 'call_sms', '123456', 'age20plus', 0, 1, 1, '2025-08-13 14:20:43', '2025-08-18 10:20:25'),
(9, '多拉A夢', '貓', '狸貓', 'male', '成年', 'no', '中型', '藍色', '台中市', '南屯區', '大雄的貓', '/uploads/4f77d33d-8b64-4b00-9364-c153b6b9460c.png', '/uploads/d22b3d41-ad7a-40d1-b598-8005a485cd53.jpg', '/uploads/d7763149-12b9-4cc5-bb0c-28ba2fc10605.jpg', 'user', 'approved', NULL, '大雄', '0987487487', 'call_sms', '487487', 'any', 0, 1, 1, '2025-08-13 14:40:19', '2025-08-13 14:41:12'),
(10, '小土', '狗', '混種', 'male', '幼年', 'no', '小型', '咖啡混黑色', '台中市', '南區', '專業吃土', '/uploads/16c4113c-db8b-459e-bcca-1f1d0c4ae6f2.jpg', '/uploads/b1ce41d2-39de-4815-aeb2-fb8f7a9d7bed.jpg', '/uploads/89861457-b739-4cea-8ff0-55cfb58577a1.jpg', 'user', 'closed', NULL, '土哥', '0989489489', 'call_sms', '489489', 'age20plus', 0, 0, 0, '2025-08-13 16:04:49', '2025-08-18 09:30:06'),
(11, '貪啃奇', '狗', '法國鬥牛犬', 'male', '幼年', 'no', '小型', '白色', '台中市', '北區', '很可愛 但沒人愛', '/uploads/01e7e65e-5402-40e5-87cb-1249f2e5ca99.jpg', '/uploads/b3bd55fb-81f4-4fa9-8149-30ce02b33440.jpg', '/uploads/06e66789-e284-41eb-a038-a6c29c2ecf1c.jpg', 'user', 'approved', NULL, '小白', '0927878877', 'call_sms', '789456', 'age20plus', 0, 1, 1, '2025-08-14 10:11:09', '2025-08-14 13:33:56'),
(12, '保力達B', '鼠', '三線鼠', 'unknown', '成年', 'unknown', '小型', '白色', '台東縣', '綠島鄉', '快來認養', '/uploads/44f678e4-8df0-4e38-b864-5c80f83ae71d.jpg', '/uploads/fe4edc9c-71c1-4982-87e9-02bc3323160b.jpg', '/uploads/d6f97ae6-fb5b-4cfc-a6f0-1f502e4cb786.jpg', 'platform', 'closed', NULL, '番仔', '0948267987', 'call_sms', 'da546548', 'age20plus', 0, 0, 0, '2025-08-14 14:22:10', '2025-08-19 16:03:01'),
(13, '小龜', '龜', '象龜', 'unknown', '成年', 'unknown', '小型', '綠色', '新北市', '汐止區', '已養4年多，因個人因素，想給陸龜們更好的飼養環境，故送養', '/uploads/60013746-fa92-4b17-a9e1-252b62c9dc89.jpg', '/uploads/66f8d044-1cd8-42a2-838b-a267a4a4fd6c.jpg', '/uploads/eaa682f8-ea02-4bb8-8c67-b2d3323dd65a.jpg', 'user', 'cancelled', NULL, '龜狗', '0978536987', 'call_sms', '', 'any', 0, 0, 0, '2025-08-15 15:10:43', '2025-08-15 18:25:56'),
(14, '舔狗', '狗', '混種', 'male', '幼年', 'no', '小型', '咖啡混黑色', '台中市', '豐原區', '舔狗舔到最後一無所有', '/uploads/8328ef7a-6485-4ceb-9979-aa8e3b20fa4f.jpg', '/uploads/1f95fdc1-fb84-402e-92f2-e7a2c4846160.jpg', '/uploads/5cab5167-14ec-4931-9b90-422cd7bc7638.jpg', 'platform', 'rejected', NULL, '阿花', '0978278278', 'call_sms', '', 'any', 0, 0, 0, '2025-08-18 09:35:23', '2025-08-18 11:18:21'),
(15, '麻吉', '狗', '馬爾泰迪', 'male', '成年', 'yes', '小型', '白色混淡咖啡色', '新北市', '淡水區', '瑪爾泰迪目前1歲多，出生日期：112/5/10，快滿2歲，我們領養大概4個月，打過各種疫苗，聰明，身體健康，最近剛結紮，有訓練定點大小便，不過偶爾會尿錯地方，可愛活潑非常黏人，親人，不親狗，跑很快跳很高，是一隻很有個性的狗，有時候會低吼，特別是外出回家要幫它擦手腳，他就會低吼，希望是養狗有經驗的人家收養，因為最近家人生病，我要照顧家人，沒空陪伴它，希望能幫它找到好主人！', '/uploads/a4a0dd66-0cd5-496c-83db-0a9209465dba.jpg', '/uploads/442f1951-344a-432e-8d3b-a90a96093c7f.jpg', '/uploads/c740975b-317f-41ff-bb73-a1bb501dd680.jpg', 'user', 'approved', NULL, '吳玫穎', '0922201647', 'call_sms', 'mei268', 'age20plus', 1, 1, 0, '2025-08-18 11:17:46', '2025-08-19 01:39:32'),
(16, '咪咪', '貓', '混種', 'female', '成年', 'no', '小型', '咖啡條紋穿白襪子', '新北市', '八里區', '撿到疑似被遺棄的貓貓\n很黏人，叫了會來很聽話\n因個人無法收編，選擇送養。', '/uploads/418ecbf6-f44e-4789-8bd1-dc7a08ca2b56.jpg', '/uploads/912121c0-dde4-4691-9509-9acc8403b4a2.jpg', '/uploads/60e212db-374b-4427-9559-3778a2443a6e.jpg', 'platform', 'closed', NULL, '雨痕', '0979347989', 'call_sms', 'k5200301', 'age20plus', 1, 0, 1, '2025-08-18 11:43:28', '2025-08-19 16:00:07'),
(17, '小龜', '龜', '象龜', 'unknown', '成年', 'unknown', '小型', '綠色', '新北市', '五股區', '龜狗的小龜', '/uploads/732547f8-4463-408e-8dfa-46f68a1c19da.jpg', '/uploads/e52379f0-2000-4d50-a7fe-ed823965b3da.jpg', '/uploads/b3a85bc1-3804-4f98-8c97-0613d659dc45.jpg', 'platform', 'closed', NULL, '龜狗', '0987789879', 'call_sms', '', 'any', 0, 0, 0, '2025-08-18 16:19:20', '2025-08-19 15:59:39'),
(18, 'Nike', '狗', '比熊', 'male', '成年', 'no', '中型', '白色', '桃園市', '大溪區', '非常黏人、須有時間陪伴。', '/uploads/165f0032-ca7f-4cb2-b0a1-f5e9e1ff71bb.jpg', '/uploads/ad9e2b47-0643-45c2-9ea7-96acaeb470b8.jpg', '/uploads/ee843159-b3b4-4188-8a0e-4660f09c9e5c.jpg', 'user', 'approved', NULL, '萱萱', '0915729321', 'call_sms', 'Lisa729', 'age20plus', 1, 0, 1, '2025-08-19 00:39:57', '2025-08-19 01:39:29'),
(19, '畜生', '狗', '公狗', 'male', '老年', 'no', '大型', '膚色', '台南市', '中西區', '我是總統', '/uploads/f2aca0d5-0914-42dd-9d07-c1ea0c519d55.jpg', '', '', 'platform', 'closed', NULL, '柯文哲', '0987487487', 'call_sms', '78778', 'any', 0, 0, 0, '2025-08-19 16:04:57', '2025-08-19 16:39:57'),
(20, '米糕', '鼠', '黃金鼠', 'female', '成年', 'no', '小型', '白色', '台中市', '西區', '較膽小，易受驚嚇，受驚嚇時偶爾會偷咬人（輕咬）。', '/uploads/eed5882e-3475-4dcd-924c-4bbd6c36099e.jpg', '/uploads/1dea7ce0-6f87-479e-b3ba-129315112e42.jpg', '', 'user', 'approved', NULL, 'J', '0971891890', 'call_sms', '', 'any', 1, 0, 1, '2025-08-20 14:28:50', '2025-08-30 13:41:04'),
(21, '小黑', '狗', '混種', 'female', '老年', 'yes', '中型', '黑色', '新北市', '三峽區', '米克斯，姓名小黑，年記約9歲，不常叫，已結紮，約9歲，中型犬', '/uploads/50352c8c-dd67-4a70-89a2-153a08b704e3.jpg', '/uploads/9ba6aed7-d644-4ab1-85db-b1c1be1585f6.jpg', '/uploads/7df43af0-c58e-4cf8-bf78-3bbf7b6e4aad.jpg', 'platform', 'closed', NULL, '曹小姐', '0902252910', 'call_sms', 'caolishih', 'any', 0, 0, 0, '2025-08-20 14:31:50', '2025-08-20 14:36:49'),
(22, '小妹', '狗', '比熊貴賓', 'female', '幼年', 'no', '小型', '咖啡混白色', '花蓮縣', '花蓮市', '小妹是一隻接近10個月的女孩，個性活潑熱情，相當親人親狗，只是太過於熱情容易讓其他狗狗感到焦慮需要保持距離。\n因為工作型態轉變，陪伴的時間越來越少，希望找個有緣人可以好好善待陪伴。', '/uploads/d8280e69-eeef-4479-aaf7-e9eb128750a2.jpg', '/uploads/91294bd7-a44d-46f5-a821-4f73e4ff803a.jpg', '', 'platform', 'closed', 2, '阿罵', '0977788998', 'call_sms', '', 'age20plus', 1, 1, 1, '2025-08-26 00:52:08', '2025-08-26 01:38:40'),
(23, '熱狗', '狗', '柴犬', 'male', '成年', 'yes', '中型', '赤色', '桃園市', '中壢區', '2023/8/1出生 目前兩歲多，很親人個性隨和活潑，需要有充足時間可以帶他出門蹓躂。', '/uploads/a15497b7-236e-4adf-a502-f026b98927b2.jpg', '/uploads/96aec111-ec03-4535-963d-995f66675c12.jpg', '/uploads/06345065-479e-43bb-8841-aefe842b500f.jpg', 'platform', 'closed', 2, '花枝丸', '0987587478', 'call_sms', '555555587', 'age20plus', 1, 1, 1, '2025-08-26 01:50:19', '2025-08-30 13:28:54'),
(24, '熱狗', '狗', '柴犬', 'male', '成年', 'yes', '中型', '赤色', '桃園市', '中壢區', '2023/8/1出生 目前兩歲多，很親人個性隨和活潑，需要有充足時間可以帶他出門蹓躂。', '/uploads/46c1d5ed-dbec-4f20-b29e-a4f541b8b63b.jpg', '/uploads/fe7960f0-a005-4e61-90ca-df2c4fc58aa9.jpg', '/uploads/21f9adce-0e91-48b2-80d7-f8b4c6563005.jpg', 'platform', 'closed', 2, '測試管理員', '0978478478', 'call_sms', 'admin@test.com', 'age20plus', 1, 1, 1, '2025-08-26 02:35:19', '2025-08-26 02:47:33'),
(25, '高莖牲', '狗', '博美', 'male', '成年', 'yes', '小型', '白色', '高雄市', '鳳山區', '毛孩性別：男\n年齡：不明（約8～10區間）\n來源：繁殖場救出來的（目前已結紮）\n習性：能定點上廁所不亂吠，且親人\n唯一有的小毛病就是博美的關節不太好跟氣管問題', '/uploads/ecc3b060-c721-4939-8626-77900076e75f.jpg', '', '', 'platform', 'closed', 2, '測試管理員', '0978478478', 'call_sms', 'admin@test.com', 'age20plus', 1, 0, 1, '2025-08-26 02:40:20', '2025-08-26 02:47:27'),
(26, 'Roger', '狗', '法國鬥牛犬', 'female', '成年', 'yes', '小型', '虎斑色', '台中市', '西屯區', '個性說明: 非常親人，喜歡討摸摸，是不挑食的好寶寶(以飼料為主)， 平常喜歡靜靜在家中小窩休息，屬於文靜型的法鬥。\n如廁習慣: 家中定點使用尿布墊。', '/uploads/634813c4-8da7-4677-8b1b-668e47cb22ab.jpg', '/uploads/fce10158-e8d2-4d59-a9d3-751072e7d4d9.jpg', '', 'user', 'approved', 1, '測試會員', '0987487487', 'call_sms', 'user@test.com', 'any', 0, 0, 0, '2025-08-26 02:42:35', '2025-08-30 16:02:39'),
(27, '拖把', '狗', '臘腸', 'male', '成年', 'yes', '小型', '黑色', '桃園市', '平鎮區', '可愛黏人的狗狗，因上班太忙，沒有時間照顧，希望找個疼愛他的人，最好能在桃園，以便之後能夠後續追縱', '/uploads/da4d05a0-c3ac-45f9-b9bb-3286b695b1a1.jpg', '/uploads/c7ec6a5f-cde9-4e87-92da-3018ce0b8437.jpg', '/uploads/67c042a3-8771-4b07-894f-925d85cf0a99.jpg', 'platform', 'closed', 2, '測試管理員', '0978478478', 'call_sms', '', 'any', 0, 0, 1, '2025-09-01 11:30:46', '2025-09-01 11:32:46'),
(28, '00', '狗', '鬆獅', 'female', '成年', 'yes', '中型', '黃色', '台中市', '大雅區', '乖巧 活潑 不會亂叫', '/uploads/72b59a80-06d1-4844-bc82-49e72e03a5d7.jpg', '', '', 'platform', 'closed', 2, '測試管理員', '0978478478', 'call_sms', '', 'age20plus', 1, 1, 1, '2025-09-01 14:15:08', '2025-09-01 15:22:43'),
(29, '獅子狗', '狗', '鬃獅', 'female', '成年', 'yes', '中型', '黃色', '台中市', '大雅區', '乖巧 活潑 不會亂叫', '/uploads/7af4e010-32eb-4fc7-b46f-cf385b04d16e.jpg', '', '', 'platform', 'closed', 2, '測試管理員', '0978478478', 'call_sms', '', 'age20plus', 1, 1, 1, '2025-09-01 15:29:12', '2025-09-01 15:30:41');

-- --------------------------------------------------------

--
-- 資料表結構 `categories`
--

CREATE TABLE `categories` (
  `category_id` int(11) NOT NULL,
  `name` varchar(50) NOT NULL
) ENGINE=InnoDB DEFAULT CHARSET=utf8mb4;

-- --------------------------------------------------------

--
-- 資料表結構 `chat_messages`
--

CREATE TABLE `chat_messages` (
  `message_id` bigint(20) UNSIGNED NOT NULL,
  `conversation_id` bigint(20) UNSIGNED NOT NULL,
  `sender_id` bigint(20) NOT NULL,
  `content` varchar(1000) COLLATE utf8mb4_unicode_ci NOT NULL,
  `read_flag` tinyint(1) NOT NULL DEFAULT '0',
  `created_at` datetime NOT NULL DEFAULT CURRENT_TIMESTAMP
) ENGINE=InnoDB DEFAULT CHARSET=utf8mb4 COLLATE=utf8mb4_unicode_ci;

--
-- 傾印資料表的資料 `chat_messages`
--

INSERT INTO `chat_messages` (`message_id`, `conversation_id`, `sender_id`, `content`, `read_flag`, `created_at`) VALUES
(1, 1, 2, '我可以申請嗎？', 0, '2025-08-14 11:42:19'),
(2, 1, 1, '可以唷～', 0, '2025-08-14 11:44:19'),
(3, 1, 2, '謝謝', 0, '2025-08-14 11:45:19'),
(4, 2, 2, '我很喜歡貓咪～', 0, '2025-08-14 11:47:19'),
(5, 2, 3, '真的嗎？你養過嗎？', 0, '2025-08-14 11:48:19'),
(6, 7, 102, '哈囉，我想接這個任務', 1, '2025-08-14 14:18:08'),
(7, 7, 1, '好的，歡迎', 0, '2025-08-14 14:18:08'),
(8, 8, 101, '記得帶貓飼料', 1, '2025-08-14 14:18:08'),
(9, 8, 1, '沒問題', 1, '2025-08-14 14:18:08'),
(10, 8, 101, '好', 1, '2025-08-14 14:49:52'),
(11, 11, 102, '哈囉', 1, '2025-08-14 15:31:25'),
(12, 11, 102, '我想要接這項任務', 1, '2025-08-14 15:47:01'),
(13, 7, 102, '真的假的啦', 1, '2025-08-14 16:39:36'),
(14, 7, 1, '真的啊', 0, '2025-08-14 16:45:22'),
(15, 7, 1, '不然你以為是假的喔', 0, '2025-08-14 16:45:29'),
(16, 7, 102, 'e04', 1, '2025-08-14 16:46:01'),
(17, 7, 102, 'j8 j8', 1, '2025-08-14 16:50:33'),
(18, 7, 1, '你看看', 0, '2025-08-14 16:50:53'),
(19, 8, 1, '就是明天下確定嗎？', 1, '2025-08-15 09:54:40'),
(20, 8, 101, '對的喔', 1, '2025-08-15 09:54:53'),
(21, 8, 1, '真假', 1, '2025-08-15 10:47:55'),
(22, 8, 101, '真的', 1, '2025-08-15 10:48:05'),
(23, 8, 101, 'e04', 1, '2025-08-15 10:51:41'),
(24, 8, 101, 'p4p4', 1, '2025-08-15 10:56:22'),
(25, 8, 1, '嗨', 1, '2025-08-15 11:36:55'),
(26, 8, 101, '欸', 1, '2025-08-15 11:37:07'),
(27, 8, 101, '欸', 1, '2025-08-15 11:37:08'),
(28, 8, 1, '嗨', 1, '2025-08-15 11:44:58'),
(29, 8, 1, '嗨', 1, '2025-08-15 11:44:59'),
(30, 8, 1, 'ᕦ( ᐛ )ᕡ.ᐟ', 1, '2025-08-15 11:50:14'),
(31, 8, 101, '你好', 1, '2025-08-15 13:50:46'),
(32, 8, 1, '我不好', 1, '2025-08-15 13:50:56'),
(33, 8, 1, '我不好', 1, '2025-08-15 13:50:56'),
(34, 8, 1, '你真爛', 1, '2025-08-15 13:56:05'),
(35, 8, 1, '你真爛', 1, '2025-08-15 13:56:06'),
(36, 8, 1, '好', 1, '2025-08-15 13:56:22'),
(37, 8, 1, '嗨嗨', 1, '2025-08-15 14:03:59'),
(38, 8, 101, '嗨嗨', 1, '2025-08-15 14:04:12'),
(39, 8, 1, '嗨嗨', 1, '2025-08-15 14:04:37'),
(40, 12, 101, '嗨', 1, '2025-08-18 15:43:49'),
(41, 12, 101, 'wtf', 1, '2025-08-18 15:44:05'),
(42, 8, 101, '嗨', 1, '2025-08-18 15:47:37'),
(43, 8, 1, '你好', 1, '2025-08-18 15:47:49'),
(44, 8, 1, '你好', 1, '2025-08-18 15:47:50'),
(45, 8, 1, '你三小', 1, '2025-08-18 15:48:14'),
(46, 8, 1, '你三小', 1, '2025-08-18 15:48:15'),
(47, 8, 101, '我不知道', 1, '2025-08-18 15:53:44'),
(48, 8, 1, '欸哈囉', 1, '2025-08-18 15:56:49'),
(49, 8, 101, '你好我不知道', 1, '2025-08-18 15:56:56'),
(50, 8, 101, '你好', 1, '2025-08-18 15:57:13'),
(51, 8, 1, '嗚嗚嗚ㄨ', 1, '2025-08-18 15:57:26'),
(52, 8, 101, '妳好', 1, '2025-08-18 16:12:54'),
(53, 8, 101, '妳好', 1, '2025-08-18 16:12:55'),
(54, 8, 1, 'wtf', 1, '2025-08-18 16:13:09'),
(55, 8, 101, '靠背', 1, '2025-08-18 16:13:21'),
(56, 8, 101, '靠背', 1, '2025-08-18 16:13:22'),
(57, 8, 101, '真假', 1, '2025-08-18 16:13:56'),
(58, 8, 101, '真假', 1, '2025-08-18 16:13:56'),
(59, 8, 1, '你不信喔', 1, '2025-08-18 16:15:12'),
(60, 8, 101, '我不信', 1, '2025-08-18 16:15:25'),
(61, 8, 101, '我信', 1, '2025-08-18 16:19:11'),
(62, 8, 1, '你真信？', 1, '2025-08-18 16:19:26'),
(63, 8, 101, '幹三小啦', 1, '2025-08-18 16:19:46'),
(64, 8, 101, '幹', 1, '2025-08-18 16:27:39'),
(65, 8, 101, '三小', 1, '2025-08-18 16:27:49'),
(66, 8, 1, '真假', 1, '2025-08-18 16:28:10'),
(67, 8, 1, '真假難分', 1, '2025-08-18 16:28:33'),
(68, 8, 101, 'hot sauce', 1, '2025-08-18 22:14:13'),
(69, 8, 101, 'hot sause', 1, '2025-08-18 22:14:24'),
(70, 8, 101, '你真家', 1, '2025-08-18 22:15:03'),
(71, 8, 101, '真的假的', 1, '2025-08-18 22:15:13'),
(72, 8, 101, 'su3n0 vul3', 1, '2025-08-18 22:17:09'),
(73, 8, 101, '你好', 1, '2025-08-18 22:22:38'),
(74, 8, 101, '真家', 1, '2025-08-18 22:22:51'),
(75, 8, 1, '哇嗚', 1, '2025-08-18 22:22:56'),
(76, 8, 1, '幹', 1, '2025-08-18 22:23:01'),
(77, 8, 101, '123', 1, '2025-08-18 22:36:17'),
(78, 8, 1, '123', 1, '2025-08-18 22:36:59'),
(79, 8, 101, '林小白你好', 1, '2025-08-18 22:43:59'),
(80, 8, 101, '我是Ａ', 1, '2025-08-18 22:44:04'),
(81, 8, 101, '妳好', 1, '2025-08-18 22:45:45'),
(82, 8, 1, '你好', 1, '2025-08-18 22:58:11'),
(83, 8, 1, '幹', 1, '2025-08-18 22:59:03'),
(84, 8, 1, '我草你怎了', 1, '2025-08-18 22:59:20'),
(85, 8, 1, '嗨', 1, '2025-08-18 22:59:31'),
(86, 8, 1, 'hot sause', 1, '2025-08-18 22:59:46'),
(87, 8, 1, '收到了嗎', 1, '2025-08-18 23:00:02'),
(88, 8, 1, 'su3cl3', 1, '2025-08-18 23:31:08'),
(89, 8, 1, '靠', 1, '2025-08-18 23:31:18'),
(90, 8, 1, '真的', 1, '2025-08-18 23:31:51'),
(91, 8, 1, '你誰', 1, '2025-08-18 23:32:15'),
(92, 8, 1, '誰啦', 1, '2025-08-18 23:32:35'),
(93, 8, 1, '你好', 1, '2025-08-19 13:47:41'),
(94, 8, 101, '你好', 1, '2025-08-19 13:48:03'),
(95, 8, 101, '不對啊', 1, '2025-08-19 13:48:36'),
(96, 8, 1, '為啥沒有get', 1, '2025-08-19 13:49:01'),
(97, 8, 1, '你好', 1, '2025-08-19 14:26:04'),
(98, 8, 101, '妳好', 1, '2025-08-19 14:26:29'),
(99, 8, 1, '嗨', 1, '2025-08-19 14:43:50'),
(100, 8, 101, '嗨', 1, '2025-08-19 14:44:01'),
(101, 8, 1, '妳好', 1, '2025-08-19 14:45:17'),
(102, 8, 1, '嗨', 1, '2025-08-19 15:17:20'),
(103, 8, 1, '幹', 1, '2025-08-19 15:17:47'),
(104, 8, 1, '你三小', 1, '2025-08-19 15:17:57'),
(105, 8, 101, '我三小', 1, '2025-08-19 15:18:07'),
(106, 8, 101, '蛤', 1, '2025-08-19 15:18:12'),
(107, 8, 101, '嗨', 1, '2025-08-19 15:19:54'),
(108, 8, 1, '嗨', 1, '2025-08-19 15:20:10'),
(109, 8, 101, '哇靠', 1, '2025-08-19 15:30:36'),
(110, 8, 101, '1', 1, '2025-08-19 15:37:04'),
(111, 8, 101, 'ㄉ123', 1, '2025-08-19 15:38:01'),
(112, 8, 101, '嗨', 1, '2025-08-19 15:43:20'),
(113, 8, 101, '123', 1, '2025-08-19 15:52:15'),
(114, 8, 101, 'hi', 1, '2025-08-19 15:57:46'),
(115, 8, 101, '11', 1, '2025-08-19 15:58:09'),
(116, 8, 101, '123', 1, '2025-08-19 15:58:39'),
(117, 8, 101, '123', 1, '2025-08-19 16:07:10'),
(118, 8, 101, '123', 1, '2025-08-19 16:08:35'),
(119, 8, 101, '你好', 1, '2025-08-19 16:08:52'),
(120, 8, 1, '要哭勒', 1, '2025-08-19 16:09:32'),
(121, 8, 101, '要哭了', 1, '2025-08-19 16:09:46'),
(122, 8, 1, '三小', 1, '2025-08-19 16:09:55'),
(123, 8, 101, '嘎拎老蘇', 1, '2025-08-19 16:10:03'),
(124, 8, 101, 'o4o4o4', 1, '2025-08-19 16:13:08'),
(125, 8, 101, '嘿嘿嘿', 1, '2025-08-19 16:14:59'),
(126, 8, 1, '嘿嘿ㄏ', 1, '2025-08-19 16:15:08'),
(127, 8, 1, '欸嘿', 1, '2025-08-19 16:22:29'),
(128, 8, 1, '蛤', 1, '2025-08-19 16:22:52'),
(129, 8, 1, 'wtf', 1, '2025-08-19 16:23:14'),
(130, 8, 101, 'wtf', 1, '2025-08-19 16:23:24'),
(131, 8, 1, '這樣啦', 1, '2025-08-19 16:23:54'),
(132, 8, 1, 'ㄏㄟˋ', 1, '2025-08-19 16:26:40'),
(133, 8, 1, '你三ㄏㄧㄠˇ', 1, '2025-08-19 16:27:50'),
(134, 8, 1, 'ㄉˇ', 1, '2025-08-19 16:28:37'),
(135, 8, 1, '嘿嘿嘿', 1, '2025-08-20 10:16:37'),
(136, 8, 101, '你是我的寶貝', 1, '2025-08-20 10:16:44'),
(137, 8, 101, '欸欸', 1, '2025-08-20 10:18:11'),
(138, 8, 101, '你在哪裡', 1, '2025-08-20 10:18:18'),
(139, 8, 1, 'o4o4o4', 1, '2025-08-20 10:21:33'),
(140, 8, 1, 'okok', 1, '2025-08-20 10:21:38'),
(141, 8, 101, '黑', 1, '2025-08-20 10:38:10'),
(142, 8, 101, '黑森喔', 1, '2025-08-20 10:38:17'),
(143, 8, 101, '你誰', 1, '2025-08-20 10:39:01'),
(144, 8, 101, '我誰', 1, '2025-08-20 10:39:12'),
(145, 11, 1, '誒誒誒', 0, '2025-08-20 10:39:17'),
(146, 6, 101, '林小白？？？', 1, '2025-08-20 10:39:27'),
(147, 6, 101, 'ㄅㄅ', 1, '2025-08-20 11:10:36'),
(148, 6, 101, '欸欸欸', 1, '2025-08-20 11:11:21'),
(149, 8, 101, '123123', 1, '2025-08-20 11:46:18'),
(150, 8, 1, 'o4o4o44o', 1, '2025-08-20 11:55:06'),
(151, 8, 1, 'o4o4', 1, '2025-08-20 11:55:17'),
(152, 8, 1, 'o44o44o', 1, '2025-08-20 11:55:32'),
(153, 8, 1, '這ㄓㄟ', 1, '2025-08-20 13:45:21'),
(154, 8, 1, '誒誒', 1, '2025-08-20 13:45:38'),
(155, 8, 101, '欸欸', 1, '2025-08-20 13:45:42'),
(156, 8, 101, 'e04', 1, '2025-08-20 13:48:16'),
(157, 8, 101, '我草', 1, '2025-08-20 13:48:24'),
(158, 8, 101, '妳好', 1, '2025-08-20 13:48:39'),
(159, 8, 1, '我好', 1, '2025-08-20 13:48:48'),
(160, 8, 101, '幹', 1, '2025-08-20 13:49:12'),
(161, 8, 101, '欸欸欸欸欸ㄟ', 1, '2025-08-20 13:49:21'),
(162, 8, 1, '欸欸欸', 1, '2025-08-20 13:59:44'),
(163, 8, 1, '真家啦', 1, '2025-08-20 13:59:53'),
(164, 8, 101, '欸欸欸', 1, '2025-08-20 14:14:47'),
(165, 8, 101, '欸欸欸ㄟ', 1, '2025-08-20 14:14:56'),
(166, 8, 101, 'co4c4', 1, '2025-08-20 15:46:31'),
(167, 8, 101, 'co4co4', 1, '2025-08-20 15:46:38'),
(168, 8, 101, 'why', 1, '2025-08-20 15:48:15'),
(169, 8, 101, '?', 1, '2025-08-20 15:48:42'),
(170, 8, 101, '123', 1, '2025-08-20 15:48:47'),
(171, 8, 101, '誒誒', 1, '2025-08-20 15:51:56'),
(172, 8, 101, '妳好', 1, '2025-08-20 15:53:49'),
(173, 8, 101, '妳好', 1, '2025-08-20 15:54:15'),
(174, 8, 101, '123', 1, '2025-08-20 15:55:19'),
(175, 8, 101, '123', 1, '2025-08-20 15:55:24'),
(176, 8, 101, '23', 1, '2025-08-20 15:55:36'),
(177, 8, 101, '123', 1, '2025-08-20 15:55:53'),
(178, 8, 101, 'wtf', 1, '2025-08-20 15:55:59'),
(179, 8, 101, '王德發', 1, '2025-08-20 15:56:35'),
(180, 8, 101, '剛剛不是可以', 1, '2025-08-20 15:59:38'),
(181, 8, 101, '為啥突然又不行了', 1, '2025-08-20 15:59:48'),
(182, 8, 101, '三小啦', 1, '2025-08-20 16:00:37'),
(183, 8, 101, '啥鬼', 1, '2025-08-20 16:05:41'),
(184, 8, 101, '我日你嗎', 1, '2025-08-20 16:06:17'),
(185, 8, 101, '123', 1, '2025-08-20 16:08:04'),
(186, 8, 101, 'co4', 1, '2025-08-20 16:08:51'),
(187, 8, 101, '王德發', 1, '2025-08-20 16:16:45'),
(188, 8, 101, '三小啦', 1, '2025-08-20 16:17:57'),
(189, 8, 101, '點底服見', 1, '2025-08-20 16:18:09'),
(190, 8, 101, '不見了', 1, '2025-08-20 16:18:21'),
(191, 8, 101, 'wtf', 1, '2025-08-20 16:19:04'),
(192, 8, 101, 'c86', 1, '2025-08-20 16:19:42'),
(193, 8, 101, '123456', 1, '2025-08-20 16:48:15'),
(194, 11, 1, '123', 0, '2025-08-21 11:28:49'),
(195, 8, 101, '213', 1, '2025-08-21 11:28:58'),
(196, 8, 101, 'oij', 1, '2025-08-21 11:31:26'),
(197, 8, 1, '123', 1, '2025-08-21 11:39:34'),
(198, 8, 1, '`12', 1, '2025-08-21 11:39:50'),
(199, 8, 1, '123333', 1, '2025-08-21 11:39:57'),
(200, 8, 1, '231', 1, '2025-08-21 11:40:04'),
(201, 8, 1, '12332', 1, '2025-08-21 11:40:17'),
(202, 8, 1, '123', 1, '2025-08-21 11:41:36'),
(203, 8, 101, '三小啦', 1, '2025-08-21 11:45:17'),
(204, 8, 101, '你三小', 1, '2025-08-21 11:45:24'),
(205, 8, 101, '你三小', 1, '2025-08-21 11:49:31'),
(206, 8, 101, '123', 1, '2025-08-21 13:35:28'),
(207, 8, 101, '123', 1, '2025-08-21 13:43:35'),
(208, 8, 101, '欸ㄟ', 1, '2025-08-21 13:50:39'),
(209, 8, 101, '123', 1, '2025-08-21 14:37:19'),
(210, 8, 101, '123', 1, '2025-08-21 14:37:45'),
(211, 13, 1, '好', 1, '2025-08-22 14:35:07'),
(212, 13, 1, '5p cl3', 1, '2025-08-22 14:36:26'),
(213, 13, 1, '真㪋', 1, '2025-08-22 14:37:14'),
(214, 13, 101, '123', 1, '2025-08-22 15:09:47'),
(215, 13, 101, '13', 1, '2025-08-22 15:09:49'),
(216, 13, 1, '123', 1, '2025-08-22 15:10:05'),
(217, 8, 1, '11112', 1, '2025-08-22 15:11:01'),
(218, 8, 1, '123', 1, '2025-08-22 15:11:02'),
(219, 8, 1, '123', 1, '2025-08-22 15:11:04'),
(220, 8, 1, '123', 1, '2025-08-22 15:11:04'),
(221, 8, 1, '你誰', 1, '2025-08-22 15:11:31'),
(222, 8, 1, '蛤', 1, '2025-08-22 15:11:38'),
(223, 8, 101, '123', 1, '2025-08-22 15:12:33'),
(224, 8, 101, '123123', 1, '2025-08-22 15:12:47'),
(225, 8, 101, '123', 1, '2025-08-22 15:12:48'),
(226, 13, 1, '你好', 1, '2025-08-22 15:13:14'),
(227, 13, 101, '你好啊', 1, '2025-08-22 15:13:20'),
(228, 13, 101, '你好啊', 1, '2025-08-22 15:13:52'),
(229, 13, 101, '5050', 1, '2025-08-22 15:14:02'),
(230, 13, 1, '1234', 1, '2025-08-22 15:14:05'),
(231, 13, 1, '1234', 1, '2025-08-22 15:14:11'),
(232, 13, 101, '123', 1, '2025-08-22 15:14:13'),
(233, 13, 101, '1234', 1, '2025-08-22 15:14:19'),
(234, 13, 101, '444', 1, '2025-08-22 15:14:21'),
(235, 13, 101, '1', 1, '2025-08-22 15:14:24'),
(236, 13, 1, '2', 1, '2025-08-22 15:14:26'),
(237, 13, 101, '3', 1, '2025-08-22 15:14:28'),
(238, 13, 1, '4', 1, '2025-08-22 15:14:30'),
(239, 13, 101, '再一次', 1, '2025-08-22 15:16:29'),
(240, 13, 101, '再一次', 1, '2025-08-22 15:16:29'),
(241, 13, 101, '啥', 1, '2025-08-22 15:16:36'),
(242, 13, 101, '為啥量次再一次', 1, '2025-08-22 15:16:46'),
(243, 13, 101, '為啥量次再一次', 1, '2025-08-22 15:16:47'),
(244, 13, 101, '一次', 1, '2025-08-22 15:16:59'),
(245, 13, 101, '一次', 1, '2025-08-22 15:17:16'),
(246, 13, 101, 'ㄏㄟˋ', 1, '2025-08-22 15:21:05'),
(247, 13, 101, 'ㄏㄟˋ', 1, '2025-08-22 15:21:05'),
(248, 13, 101, '壞了', 1, '2025-08-22 15:21:33'),
(249, 13, 101, '壞了', 1, '2025-08-22 15:21:34'),
(250, 13, 101, 'jㄅ', 1, '2025-08-22 15:22:38'),
(251, 13, 101, 'ㄅ', 1, '2025-08-22 15:22:39'),
(252, 13, 101, 'ㄅ', 1, '2025-08-22 15:22:55'),
(253, 13, 101, '1', 1, '2025-08-22 15:22:59'),
(254, 13, 101, '2', 1, '2025-08-22 15:23:01'),
(255, 13, 101, '欸', 1, '2025-08-22 15:25:09'),
(256, 13, 1, 'o4', 1, '2025-08-22 15:28:29'),
(257, 13, 1, 'o4o4', 1, '2025-08-22 15:28:31'),
(258, 13, 101, '好', 1, '2025-08-22 15:28:34'),
(259, 13, 101, 'ㄉˇ', 1, '2025-08-22 15:29:44'),
(260, 13, 101, '欸', 1, '2025-08-22 15:33:00'),
(261, 13, 101, '123', 1, '2025-08-22 15:36:40'),
(262, 13, 101, '123', 1, '2025-08-22 15:36:45'),
(263, 13, 101, '123', 1, '2025-08-22 15:36:46'),
(264, 13, 101, '4556', 1, '2025-08-22 15:36:48'),
(265, 13, 101, '你好', 1, '2025-08-22 15:36:51'),
(266, 13, 1, '欸欸欸欸', 1, '2025-08-22 15:41:55'),
(267, 13, 1, '欸', 1, '2025-08-22 15:42:18'),
(268, 13, 1, '欸', 1, '2025-08-22 15:42:22'),
(269, 10, 1, 'ㄉˇ123', 0, '2025-08-22 15:42:54'),
(270, 8, 1, '123', 1, '2025-08-22 15:43:01'),
(271, 8, 1, '2j03fu6i', 1, '2025-08-22 15:43:15'),
(272, 13, 1, '好嗎', 1, '2025-08-22 15:43:27'),
(273, 13, 1, '123', 1, '2025-08-22 15:43:43'),
(274, 13, 1, '213', 1, '2025-08-22 15:43:50'),
(275, 8, 1, '123', 1, '2025-08-22 15:43:59'),
(276, 13, 1, '13', 1, '2025-08-22 15:44:25'),
(277, 8, 1, '欸', 1, '2025-08-22 15:44:48'),
(278, 8, 1, '你三好', 1, '2025-08-22 15:44:57'),
(279, 8, 1, '三小', 1, '2025-08-22 15:45:00'),
(280, 13, 1, 'ㄉˇ', 1, '2025-08-22 15:45:11'),
(281, 13, 1, '斯', 1, '2025-08-22 15:45:15'),
(282, 8, 1, 'ㄉˇ', 1, '2025-08-22 15:45:32'),
(283, 8, 1, '123', 1, '2025-08-22 15:45:44'),
(284, 13, 1, '123', 1, '2025-08-22 15:45:50'),
(285, 13, 1, '123', 1, '2025-08-22 15:46:20'),
(286, 8, 1, '123', 1, '2025-08-22 15:46:31'),
(287, 8, 1, '你好', 1, '2025-08-22 15:52:07'),
(288, 8, 1, '你好', 1, '2025-08-22 15:52:13'),
(289, 8, 101, 'hi', 1, '2025-08-22 15:52:20'),
(290, 8, 1, 'hi', 1, '2025-08-22 15:52:32'),
(291, 8, 101, 'jiji', 1, '2025-08-22 15:52:38'),
(292, 8, 101, 'jay lee', 1, '2025-08-22 15:52:42'),
(293, 8, 1, 'ㄉˇ', 1, '2025-08-22 15:56:26'),
(294, 8, 1, '123', 1, '2025-08-22 15:57:07'),
(295, 8, 1, '2133', 1, '2025-08-22 15:57:09'),
(296, 8, 1, '你好', 1, '2025-08-22 15:57:11'),
(297, 8, 1, 'ㄅ', 1, '2025-08-22 15:57:24'),
(298, 8, 1, '123', 1, '2025-08-22 15:57:47'),
(299, 8, 1, '123', 1, '2025-08-22 15:57:48'),
(300, 8, 1, '欸欸ㄟ', 1, '2025-08-22 15:58:04'),
(301, 8, 1, '欸欸', 1, '2025-08-22 15:58:06'),
(302, 8, 1, '真假啦', 1, '2025-08-22 15:58:24'),
(303, 8, 1, '靠杯', 0, '2025-08-22 16:00:05'),
(304, 14, 12, '我想應徵這個任務 我很會找狗', 1, '2025-08-27 13:49:23'),
(305, 14, 16, '好 就是你了', 1, '2025-08-27 13:50:34'),
(306, 14, 12, '怎麼都是我?', 1, '2025-08-27 13:51:41'),
(307, 16, 1, '嗨嗨', 0, '2025-08-27 20:25:53'),
(308, 16, 1, '嗨嗨', 0, '2025-08-27 20:25:58'),
(309, 16, 1, '嗨嗨', 0, '2025-08-27 20:26:25');

-- --------------------------------------------------------

--
-- 資料表結構 `contact_view_logs`
--

CREATE TABLE `contact_view_logs` (
  `id` bigint(20) NOT NULL,
  `post_id` bigint(20) NOT NULL,
  `viewer_user_id` int(10) UNSIGNED DEFAULT NULL,
  `viewed_at` datetime NOT NULL DEFAULT CURRENT_TIMESTAMP
) ENGINE=InnoDB DEFAULT CHARSET=utf8;

-- --------------------------------------------------------

--
-- 資料表結構 `conversations`
--

CREATE TABLE `conversations` (
  `conversation_id` bigint(20) UNSIGNED NOT NULL,
  `mission_id` bigint(20) NOT NULL,
  `owner_id` bigint(20) NOT NULL,
  `applicant_id` bigint(20) NOT NULL,
  `created_at` datetime NOT NULL DEFAULT CURRENT_TIMESTAMP,
  `last_message_at` datetime DEFAULT NULL,
  `last_message_preview` varchar(255) COLLATE utf8mb4_unicode_ci DEFAULT NULL
) ENGINE=InnoDB DEFAULT CHARSET=utf8mb4 COLLATE=utf8mb4_unicode_ci;

--
-- 傾印資料表的資料 `conversations`
--

INSERT INTO `conversations` (`conversation_id`, `mission_id`, `owner_id`, `applicant_id`, `created_at`, `last_message_at`, `last_message_preview`) VALUES
(1, 101, 1, 2, '2025-08-14 11:52:19', '2025-08-14 11:52:19', '我可以申請嗎？'),
(2, 102, 3, 2, '2025-08-14 11:52:19', '2025-08-14 11:52:19', '我很喜歡貓咪～'),
(4, 1, 1, 2, '2025-08-12 13:59:47', '2025-08-14 13:58:47', '好的，星期六見！'),
(5, 2, 3, 1, '2025-08-13 13:59:47', '2025-08-14 13:54:47', '記得帶狗鏈'),
(6, 9001, 101, 1, '2025-08-14 14:13:23', '2025-08-20 11:11:21', '欸欸欸'),
(7, 9001, 1, 102, '2025-08-14 14:18:08', '2025-08-14 16:50:53', '你看看'),
(8, 9002, 101, 1, '2025-08-14 14:18:08', '2025-08-22 16:00:05', '靠杯'),
(9, 9001, 101, 102, '2025-08-14 14:38:26', '2025-08-14 14:38:26', '開始對話'),
(10, 7, 1, 102, '2025-08-14 15:13:06', '2025-08-22 15:42:54', 'ㄉˇ123'),
(11, 9, 1, 102, '2025-08-14 15:23:16', '2025-08-21 11:28:49', '123'),
(12, 9002, 101, 102, '2025-08-18 13:50:30', '2025-08-18 15:44:05', 'wtf'),
(13, 9008, 1, 101, '2025-08-22 10:33:00', '2025-08-22 15:46:20', '123'),
(14, 9012, 12, 1, '2025-08-27 13:48:17', '2025-08-27 13:51:41', '怎麼都是我?'),
(15, 9012, 16, 1, '2025-08-27 16:05:03', '2025-08-27 16:05:03', '開始對話'),
(16, 9017, 16, 1, '2025-08-27 20:25:37', '2025-08-27 20:26:25', '嗨嗨');

-- --------------------------------------------------------

--
-- 資料表結構 `employees`
--

CREATE TABLE `employees` (
  `employee_id` int(10) UNSIGNED NOT NULL,
  `employee_number` varchar(100) NOT NULL,
  `name` varchar(100) NOT NULL,
  `password` varchar(100) NOT NULL,
  `isresign` varchar(100) NOT NULL
) ENGINE=InnoDB DEFAULT CHARSET=utf8;

--
-- 傾印資料表的資料 `employees`
--

INSERT INTO `employees` (`employee_id`, `employee_number`, `name`, `password`, `isresign`) VALUES
(1, 'A001', '測試管理員', '123456', 'N');

-- --------------------------------------------------------

--
-- 資料表結構 `favorite_missions`
--

CREATE TABLE `favorite_missions` (
  `favorite_id` bigint(20) NOT NULL,
  `user_id` bigint(20) NOT NULL,
  `mission_id` bigint(20) NOT NULL,
  `created_at` datetime NOT NULL DEFAULT CURRENT_TIMESTAMP
) ENGINE=InnoDB DEFAULT CHARSET=utf8mb4 COLLATE=utf8mb4_unicode_ci;

-- --------------------------------------------------------

--
-- 資料表結構 `missions`
--

CREATE TABLE `missions` (
  `mission_id` int(10) UNSIGNED NOT NULL,
  `user_id` bigint(20) NOT NULL,
  `title` varchar(255) COLLATE utf8mb4_unicode_ci DEFAULT NULL,
  `description` text COLLATE utf8mb4_unicode_ci NOT NULL,
  `city` varchar(255) COLLATE utf8mb4_unicode_ci DEFAULT NULL,
  `district` varchar(255) COLLATE utf8mb4_unicode_ci DEFAULT NULL,
  `start_time` datetime NOT NULL,
  `end_time` datetime NOT NULL,
  `price` int(10) UNSIGNED NOT NULL,
  `pet_name` varchar(255) COLLATE utf8mb4_unicode_ci DEFAULT NULL,
  `pet_age` varchar(255) COLLATE utf8mb4_unicode_ci DEFAULT NULL,
  `pet_gender` enum('公','母') COLLATE utf8mb4_unicode_ci NOT NULL,
  `contact_phone` varchar(255) COLLATE utf8mb4_unicode_ci DEFAULT NULL,
  `score` int(10) UNSIGNED DEFAULT NULL
) ENGINE=InnoDB DEFAULT CHARSET=utf8mb4 COLLATE=utf8mb4_unicode_ci;

--
-- 傾印資料表的資料 `missions`
--

INSERT INTO `missions` (`mission_id`, `user_id`, `title`, `description`, `city`, `district`, `start_time`, `end_time`, `price`, `pet_name`, `pet_age`, `pet_gender`, `contact_phone`, `score`) VALUES
(9012, 13, '尋找烏薩奇', '尋找烏薩奇', '臺北市', '信義區', '2025-08-30 12:02:00', '2025-08-31 12:02:00', 1500, '烏薩奇', '2', '母', '0123456789', 64),
(9017, 13, '去公園遛貓', '喵喵找人去公園遛貓', '臺南市', '新化區', '2025-08-28 13:44:00', '2025-08-30 13:44:00', 500, '喵喵', '2', '母', '0123456789', 30),
(9018, 16, 'test', 'testtesttesttesttest', '嘉義市', '西區', '2025-08-28 15:33:00', '2025-08-30 15:33:00', 1234, 'test', 'test', '母', 'test', 56),
(9019, 1, '求救', 'testtesttesttesttesttest', '桃園市', '新屋區', '2025-08-28 15:56:00', '2025-09-06 15:56:00', 500, 'test', '2', '母', '1236547890', 0),
(9020, 1, '發發任務', '發發任務', '新竹縣', '新埔鎮', '2025-08-29 15:18:00', '2025-08-31 15:18:00', 500, 'lala', '2', '母', '0123654789', 0);

-- --------------------------------------------------------

--
-- 資料表結構 `mission_applications`
--

CREATE TABLE `mission_applications` (
  `application_id` bigint(20) NOT NULL,
  `mission_id` bigint(20) NOT NULL,
  `applicant_id` bigint(20) NOT NULL,
  `owner_id` bigint(20) NOT NULL,
  `apply_time` datetime NOT NULL,
  `status` enum('pending','accepted','rejected') COLLATE utf8mb4_unicode_ci NOT NULL,
  `score` int(11) NOT NULL
) ENGINE=InnoDB DEFAULT CHARSET=utf8mb4 COLLATE=utf8mb4_unicode_ci;

--
-- 傾印資料表的資料 `mission_applications`
--

INSERT INTO `mission_applications` (`application_id`, `mission_id`, `applicant_id`, `owner_id`, `apply_time`, `status`, `score`) VALUES
(91001, 9001, 102, 12, '2025-08-12 11:08:11', 'accepted', 0),
(91003, 9002, 102, 12, '2025-08-10 11:08:11', 'rejected', 0),
(91004, 7, 102, 1, '2025-08-12 16:06:49', 'accepted', 0),
(91005, 8, 102, 1, '2025-08-13 13:56:28', 'pending', 0),
(91006, 9, 102, 1, '2025-08-14 15:23:16', 'pending', 0),
(91007, 9008, 16, 1, '2025-08-22 10:33:00', 'pending', 0),
(91008, 9007, 16, 13, '2025-08-27 11:22:56', 'pending', 0),
(91009, 9012, 1, 13, '2025-08-27 13:48:17', 'pending', 0),
(91010, 9017, 1, 16, '2025-08-27 20:25:37', 'pending', 0);

-- --------------------------------------------------------

--
-- 資料表結構 `mission_images`
--

CREATE TABLE `mission_images` (
  `image_id` bigint(20) NOT NULL,
  `mission_id` int(10) UNSIGNED NOT NULL,
  `image_url` varchar(1000) COLLATE utf8mb4_unicode_ci NOT NULL
) ENGINE=InnoDB DEFAULT CHARSET=utf8mb4 COLLATE=utf8mb4_unicode_ci;

-- --------------------------------------------------------

--
-- 資料表結構 `mission_tags`
--

CREATE TABLE `mission_tags` (
  `mission_id` int(10) UNSIGNED NOT NULL,
  `tag_id` int(10) UNSIGNED NOT NULL
) ENGINE=InnoDB DEFAULT CHARSET=utf8mb4 COLLATE=utf8mb4_unicode_ci;

--
-- 傾印資料表的資料 `mission_tags`
--

INSERT INTO `mission_tags` (`mission_id`, `tag_id`) VALUES
(9019, 1),
(9012, 3),
(9017, 3),
(9019, 5),
(9012, 8),
(9017, 9),
(9018, 9),
(9019, 9),
(9020, 9),
(9018, 10),
(9017, 11);

-- --------------------------------------------------------

--
-- 資料表結構 `orders`
--

CREATE TABLE `orders` (
  `order_id` int(11) NOT NULL,
  `addr` varchar(100) DEFAULT NULL,
  `created_at` datetime(6) DEFAULT NULL,
  `delivered_at` datetime(6) DEFAULT NULL,
  `logistics_id` varchar(255) DEFAULT NULL,
  `logistics_status` varchar(255) DEFAULT NULL,
  `merchant_trade_no` varchar(20) DEFAULT NULL,
  `paid_at` datetime(6) DEFAULT NULL,
  `payment_fail_reason` varchar(255) DEFAULT NULL,
  `payment_gateway` varchar(255) DEFAULT NULL,
  `received_at` datetime(6) DEFAULT NULL,
  `receiver_name` varchar(255) DEFAULT NULL,
  `receiver_phone` varchar(255) DEFAULT NULL,
  `receiver_zip` varchar(255) DEFAULT NULL,
  `shipped_at` datetime(6) DEFAULT NULL,
  `shipping_type` varchar(255) DEFAULT NULL,
  `status` varchar(255) NOT NULL,
  `store_address` varchar(255) DEFAULT NULL,
  `store_brand` varchar(255) DEFAULT NULL,
  `store_id` varchar(255) DEFAULT NULL,
  `store_name` varchar(255) DEFAULT NULL,
  `total_price` int(11) NOT NULL,
  `tracking_no` varchar(255) DEFAULT NULL,
  `trade_no` varchar(50) DEFAULT NULL,
  `user_id` int(11) NOT NULL
) ENGINE=InnoDB DEFAULT CHARSET=utf8;

--
-- 傾印資料表的資料 `orders`
--

INSERT INTO `orders` (`order_id`, `addr`, `created_at`, `delivered_at`, `logistics_id`, `logistics_status`, `merchant_trade_no`, `paid_at`, `payment_fail_reason`, `payment_gateway`, `received_at`, `receiver_name`, `receiver_phone`, `receiver_zip`, `shipped_at`, `shipping_type`, `status`, `store_address`, `store_brand`, `store_id`, `store_name`, `total_price`, `tracking_no`, `trade_no`, `user_id`) VALUES
(1, '超商取貨付款', NULL, NULL, NULL, 'CREATED', NULL, NULL, NULL, NULL, NULL, '烏薩奇', '0912345678', NULL, NULL, 'cvs_cod', 'PENDING', NULL, NULL, NULL, NULL, 3996, NULL, NULL, 1),
(2, '超商取貨付款', NULL, NULL, NULL, 'CREATED', NULL, NULL, NULL, NULL, NULL, '烏薩奇', '0912365478', NULL, NULL, 'cvs_cod', 'PENDING', NULL, NULL, NULL, NULL, 199, NULL, NULL, 1),
(3, '頂寮二街75號5樓', NULL, NULL, NULL, 'CREATED', NULL, NULL, NULL, NULL, NULL, '陳虹妗', '0920530204', NULL, NULL, 'address', 'Failed', NULL, NULL, NULL, NULL, 1797, NULL, NULL, 1),
(4, '頂寮二街75號5樓', NULL, NULL, NULL, 'CREATED', NULL, NULL, NULL, NULL, NULL, 'lala', '0920123456', NULL, NULL, 'address', 'CANCELLED', NULL, NULL, NULL, NULL, 1797, NULL, NULL, 1);

-- --------------------------------------------------------

--
-- 資料表結構 `order_details`
--

CREATE TABLE `order_details` (
  `order_detail_id` int(11) NOT NULL,
  `quantity` int(11) NOT NULL,
  `subtotal` int(11) NOT NULL,
  `unit_price` int(11) NOT NULL,
  `order_id` int(11) NOT NULL,
  `product_id` int(11) NOT NULL
) ENGINE=InnoDB DEFAULT CHARSET=utf8;

--
-- 傾印資料表的資料 `order_details`
--

INSERT INTO `order_details` (`order_detail_id`, `quantity`, `subtotal`, `unit_price`, `order_id`, `product_id`) VALUES
(99, 4, 3996, 999, 1, 8),
(100, 1, 199, 199, 2, 10),
(101, 1, 1399, 1399, 3, 9),
(102, 2, 398, 199, 3, 10),
(103, 1, 1399, 1399, 4, 9),
(104, 2, 398, 199, 4, 10);

-- --------------------------------------------------------

--
-- 資料表結構 `order_payments`
--

CREATE TABLE `order_payments` (
  `id` bigint(20) NOT NULL,
  `amount` int(11) DEFAULT NULL,
  `created_at` datetime(6) DEFAULT NULL,
  `fail_reason` varchar(255) DEFAULT NULL,
  `gateway` varchar(255) DEFAULT NULL,
  `merchant_trade_no` varchar(255) DEFAULT NULL,
  `paid_at` datetime(6) DEFAULT NULL,
  `payload_json` json DEFAULT NULL,
  `status` varchar(255) DEFAULT NULL,
  `trade_no` varchar(255) DEFAULT NULL,
  `order_id` int(11) NOT NULL
) ENGINE=InnoDB DEFAULT CHARSET=utf8;

-- --------------------------------------------------------

--
-- 資料表結構 `order_shipments`
--

CREATE TABLE `order_shipments` (
  `id` bigint(20) NOT NULL,
  `created_at` datetime(6) DEFAULT NULL,
  `delivered_at` datetime(6) DEFAULT NULL,
  `is_collection` bit(1) DEFAULT NULL,
  `logistics_id` varchar(255) DEFAULT NULL,
  `logistics_subtype` varchar(255) DEFAULT NULL,
  `payload_json` json DEFAULT NULL,
  `received_at` datetime(6) DEFAULT NULL,
  `receiver_addr` varchar(255) DEFAULT NULL,
  `receiver_name` varchar(255) DEFAULT NULL,
  `receiver_phone` varchar(255) DEFAULT NULL,
  `receiver_zip` varchar(255) DEFAULT NULL,
  `shipped_at` datetime(6) DEFAULT NULL,
  `shipping_type` varchar(255) DEFAULT NULL,
  `status` varchar(255) DEFAULT NULL,
  `store_address` varchar(255) DEFAULT NULL,
  `store_brand` varchar(255) DEFAULT NULL,
  `store_id` varchar(255) DEFAULT NULL,
  `store_name` varchar(255) DEFAULT NULL,
  `tracking_no` varchar(255) DEFAULT NULL,
  `order_id` int(11) NOT NULL
) ENGINE=InnoDB DEFAULT CHARSET=utf8;

--
-- 傾印資料表的資料 `order_shipments`
--

INSERT INTO `order_shipments` (`id`, `created_at`, `delivered_at`, `is_collection`, `logistics_id`, `logistics_subtype`, `payload_json`, `received_at`, `receiver_addr`, `receiver_name`, `receiver_phone`, `receiver_zip`, `shipped_at`, `shipping_type`, `status`, `store_address`, `store_brand`, `store_id`, `store_name`, `tracking_no`, `order_id`) VALUES
(76, NULL, NULL, b'1', NULL, NULL, NULL, NULL, '超商取貨付款', '烏薩奇', '0912345678', NULL, NULL, 'cvs_cod', 'CREATED', NULL, NULL, NULL, NULL, NULL, 1),
(77, NULL, NULL, b'1', NULL, NULL, NULL, NULL, '超商取貨付款', '烏薩奇', '0912365478', NULL, NULL, 'cvs_cod', 'CREATED', NULL, NULL, NULL, NULL, NULL, 2),
(78, NULL, NULL, b'0', NULL, NULL, NULL, NULL, '頂寮二街75號5樓', '陳虹妗', '0920530204', NULL, NULL, 'address', 'CREATED', NULL, NULL, NULL, NULL, NULL, 3),
(79, NULL, NULL, b'0', NULL, NULL, NULL, NULL, '頂寮二街75號5樓', 'lala', '0920123456', NULL, NULL, 'address', 'CREATED', NULL, NULL, NULL, NULL, NULL, 4);

-- --------------------------------------------------------

--
-- 資料表結構 `order_status_history`
--

CREATE TABLE `order_status_history` (
  `id` bigint(20) NOT NULL,
  `actor` varchar(255) DEFAULT NULL,
  `created_at` datetime(6) DEFAULT NULL,
  `from_status` varchar(255) DEFAULT NULL,
  `note` varchar(255) DEFAULT NULL,
  `to_status` varchar(255) DEFAULT NULL,
  `order_id` int(11) NOT NULL
) ENGINE=InnoDB DEFAULT CHARSET=utf8;

--
-- 傾印資料表的資料 `order_status_history`
--

INSERT INTO `order_status_history` (`id`, `actor`, `created_at`, `from_status`, `note`, `to_status`, `order_id`) VALUES
(73, 'admin', NULL, 'PENDING', '', 'CANCELLED', 3),
(74, 'admin', NULL, 'PENDING', '', 'CANCELLED', 3),
(75, 'admin', NULL, 'CANCELLED', '', 'CANCELLED', 3),
(76, 'admin', NULL, 'CANCELLED', '', 'CANCELLED', 3),
(77, 'admin', NULL, 'CANCELLED', '', 'Failed', 3),
(78, 'admin', NULL, 'PENDING', '', 'Cancelled', 4),
(79, 'admin', NULL, 'Cancelled', '', 'CANCELLED', 4),
(80, 'admin', NULL, 'Cancelled', '', 'CANCELLED', 4);

-- --------------------------------------------------------

--
-- 資料表結構 `petreport_adoptions`
--

CREATE TABLE `petreport_adoptions` (
  `id` bigint(20) NOT NULL,
  `owner_name` varchar(100) NOT NULL,
  `pet_name` varchar(100) DEFAULT NULL,
  `adoption_date` date DEFAULT NULL,
  `status` enum('active','closed') NOT NULL DEFAULT 'active',
  `post_id_ext` bigint(20) DEFAULT NULL,
  `adopter_user_id_ext` bigint(20) DEFAULT NULL,
  `image_url` varchar(512) DEFAULT NULL,
  `created_at` datetime NOT NULL DEFAULT CURRENT_TIMESTAMP,
  `updated_at` datetime NOT NULL DEFAULT CURRENT_TIMESTAMP ON UPDATE CURRENT_TIMESTAMP,
  `required_reports` int(11) NOT NULL DEFAULT '12'
) ENGINE=InnoDB DEFAULT CHARSET=utf8mb4;

--
-- 傾印資料表的資料 `petreport_adoptions`
--

INSERT INTO `petreport_adoptions` (`id`, `owner_name`, `pet_name`, `adoption_date`, `status`, `post_id_ext`, `adopter_user_id_ext`, `image_url`, `created_at`, `updated_at`, `required_reports`) VALUES
(1, 'user1', '00', '2025-09-01', 'active', 28, 8, '/uploads/72b59a80-06d1-4844-bc82-49e72e03a5d7.jpg', '2025-09-01 15:22:44', '2025-09-01 15:22:44', 12),
(2, '測試會員', '獅子狗', '2025-09-01', 'active', 29, 1, '/uploads/7af4e010-32eb-4fc7-b46f-cf385b04d16e.jpg', '2025-09-01 15:30:41', '2025-09-01 15:30:41', 12);

-- --------------------------------------------------------

--
-- 資料表結構 `petreport_feedbacks`
--

CREATE TABLE `petreport_feedbacks` (
  `id` bigint(20) NOT NULL,
  `adoption_id` bigint(20) NOT NULL,
  `report_date` date NOT NULL,
  `report_month` char(7) NOT NULL,
  `image_url` varchar(512) DEFAULT NULL,
  `notes` text,
  `status` enum('SUBMITTED','VERIFIED','REJECTED') NOT NULL DEFAULT 'SUBMITTED',
  `reviewed_at` datetime DEFAULT NULL,
  `verified_by_employee_id_ext` bigint(20) DEFAULT NULL,
  `created_at` datetime NOT NULL DEFAULT CURRENT_TIMESTAMP,
  `updated_at` datetime NOT NULL DEFAULT CURRENT_TIMESTAMP ON UPDATE CURRENT_TIMESTAMP
) ENGINE=InnoDB DEFAULT CHARSET=utf8mb4;

--
-- 傾印資料表的資料 `petreport_feedbacks`
--

INSERT INTO `petreport_feedbacks` (`id`, `adoption_id`, `report_date`, `report_month`, `image_url`, `notes`, `status`, `reviewed_at`, `verified_by_employee_id_ext`, `created_at`, `updated_at`) VALUES
(2, 2, '2025-09-01', '2025-09', '/uploads/feedback/fb-2-1756711932447.jpeg', '每天吃飽睡好', 'SUBMITTED', NULL, NULL, '2025-09-01 15:32:12', '2025-09-01 15:32:12');

-- --------------------------------------------------------

--
-- 資料表結構 `post_reviews`
--

CREATE TABLE `post_reviews` (
  `id` bigint(20) NOT NULL,
  `post_id` int(10) UNSIGNED NOT NULL,
  `reviewer_user_id` int(10) UNSIGNED DEFAULT NULL,
  `action` enum('approve','reject') NOT NULL,
  `reason` varchar(255) DEFAULT NULL,
  `created_at` datetime NOT NULL DEFAULT CURRENT_TIMESTAMP
) ENGINE=InnoDB DEFAULT CHARSET=utf8;

--
-- 傾印資料表的資料 `post_reviews`
--

INSERT INTO `post_reviews` (`id`, `post_id`, `reviewer_user_id`, `action`, `reason`, `created_at`) VALUES
(1, 14, NULL, 'reject', '', '2025-08-18 11:18:21'),
(2, 15, NULL, 'approve', '', '2025-08-18 11:19:24'),
(3, 18, NULL, 'approve', '', '2025-08-19 00:40:20'),
(4, 20, NULL, 'approve', '', '2025-08-20 14:29:20'),
(5, 26, 2, 'approve', '', '2025-08-26 02:45:37');

-- --------------------------------------------------------

--
-- 資料表結構 `products`
--

CREATE TABLE `products` (
  `product_id` int(11) NOT NULL,
  `is_active` bit(1) DEFAULT NULL,
  `category_id` int(11) DEFAULT NULL,
  `created_at` datetime(6) DEFAULT NULL,
  `description` text,
  `image_url` varchar(255) DEFAULT NULL,
  `pname` varchar(100) NOT NULL,
  `price` int(11) NOT NULL,
  `published` bit(1) NOT NULL,
  `stock` int(11) NOT NULL,
  `type` varchar(255) DEFAULT NULL,
  `updated_at` datetime(6) DEFAULT NULL
) ENGINE=InnoDB DEFAULT CHARSET=utf8;

--
-- 傾印資料表的資料 `products`
--

INSERT INTO `products` (`product_id`, `is_active`, `category_id`, `created_at`, `description`, `image_url`, `pname`, `price`, `published`, `stock`, `type`, `updated_at`) VALUES
(3, b'1', NULL, NULL, '營養均衡，貓咪最愛。', 'https://i.ibb.co/234vMVPZ/jia-yong-chong-wu-si-liao-de-zu-cheng.jpg', '5kg貓咪飼料', 659, b'1', 17, NULL, '2025-08-23 14:31:06.000000'),
(8, b'1', NULL, NULL, '營養均衡，貓咪最愛。', 'https://i.ibb.co/234vMVPZ/jia-yong-chong-wu-si-liao-de-zu-cheng.jpg', '10kg貓咪飼料', 999, b'1', 11, NULL, '2025-08-24 14:28:14.000000'),
(9, b'1', NULL, NULL, '營養均衡，貓咪最愛。', 'https://i.ibb.co/234vMVPZ/jia-yong-chong-wu-si-liao-de-zu-cheng.jpg', '15kg貓咪飼料', 1399, b'1', 22, 'newest', '2025-08-25 16:28:49.000000'),
(10, b'1', NULL, NULL, '耐咬不破，讓狗狗玩整天！', 'https://i.ibb.co/23CqQTVN/chao-shi-de-shi-wu-biao-zhi.jpg', '狗狗玩具球', 199, b'1', 60, NULL, '2025-08-25 16:41:30.000000'),
(11, b'1', NULL, NULL, '不流淚配方，呵護毛孩肌膚。', 'https://i.ibb.co/NgqXpyd3/pet-Shampoo.jpg', '寵物洗澡精', 299, b'1', 39, NULL, '2025-08-23 22:59:03.000000'),
(12, b'1', NULL, NULL, '營養均衡，汪星人最愛。', 'https://i.ibb.co/4nt9J52H/dogFood.jpg', '5kg狗狗飼料', 299, b'1', 30, NULL, '2025-08-23 14:31:06.000000'),
(13, b'1', NULL, NULL, '營養均衡，汪星人最愛。', 'https://i.ibb.co/4nt9J52H/dogFood.jpg', '10kg狗狗飼料', 549, b'1', 10, NULL, '2025-08-23 14:31:06.000000'),
(14, b'1', NULL, NULL, '營養均衡，汪星人最愛。', 'https://i.ibb.co/4nt9J52H/dogFood.jpg', '12kg狗狗飼料', 699, b'1', 20, 'newest\r\n', '2025-08-23 14:31:06.000000'),
(15, b'1', NULL, NULL, '50cm*30cm*5cm, 抒發喵星人手癢難耐！', '', '貓抓板', 299, b'1', 15, 'popular', '2025-08-23 14:31:06.000000'),
(16, b'1', NULL, NULL, '5公斤飼料包、飼料碗＊2、外出繩(請備註大小s、m、L)、睡墊、玩具球。', '', '新手組合包（狗）！', 1399, b'1', 78, 'popular', '2025-08-23 20:31:53.000000'),
(17, b'1', NULL, NULL, '5公斤飼料包、飼料碗＊2、貓砂與盆、貓抓板、貓窩。', '', '新手組合包（貓）！', 1599, b'1', 78, NULL, '2025-08-23 14:31:06.000000'),
(18, b'1', NULL, NULL, '3公尺伸縮牽繩，有「黑、紅、藍」三色，請於備註欄備註。', 'https://i.ibb.co/KcJtF4GZ/close-up-dog-leash.jpg', '外出繩', 290, b'1', 25, NULL, '2025-08-23 14:31:06.000000'),
(19, b'0', NULL, NULL, '喵星人的舒適小窩，有「灰、粉、米」三色，請於備註欄備註', 'https://i.ibb.co/k6JD9NVw/cute-cat-spending-time-outdoors.jpg', '貓窩', 390, b'1', 6, NULL, '2025-08-24 13:52:16.000000'),
(20, b'0', NULL, NULL, '每天與愛寵貓貓互動！！', 'https://i.ibb.co/LXTp273N/Lovepik-com-401692075-funny-cat-stick.png', '逗貓棒', 100, b'1', 10, NULL, '2025-08-28 23:07:09.973744');

-- --------------------------------------------------------

--
-- 資料表結構 `shipments`
--

CREATE TABLE `shipments` (
  `id` bigint(20) NOT NULL,
  `all_pay_logistics_id` varchar(255) DEFAULT NULL,
  `created_at` datetime(6) DEFAULT NULL,
  `is_collection` varchar(255) DEFAULT NULL,
  `merchant_trade_no` varchar(255) DEFAULT NULL,
  `order_id` int(11) DEFAULT NULL,
  `rrm` varchar(255) DEFAULT NULL,
  `status` varchar(255) DEFAULT NULL,
  `store_address` varchar(255) DEFAULT NULL,
  `store_id` varchar(255) DEFAULT NULL,
  `store_name` varchar(255) DEFAULT NULL,
  `store_tel` varchar(255) DEFAULT NULL,
  `sub_type` varchar(255) DEFAULT NULL,
  `type` varchar(255) DEFAULT NULL,
  `updated_at` datetime(6) DEFAULT NULL
) ENGINE=InnoDB DEFAULT CHARSET=utf8;

--
-- 傾印資料表的資料 `shipments`
--

INSERT INTO `shipments` (`id`, `all_pay_logistics_id`, `created_at`, `is_collection`, `merchant_trade_no`, `order_id`, `rrm`, `status`, `store_address`, `store_id`, `store_name`, `store_tel`, `sub_type`, `type`, `updated_at`) VALUES
(1, NULL, '2025-08-19 22:50:23.000000', 'Y', 'L1755615022745', 102, NULL, 'NEW', NULL, NULL, NULL, NULL, NULL, 'CVS', '2025-08-19 22:50:23.000000');

-- --------------------------------------------------------

--
-- 資料表結構 `shopping_cart`
--

CREATE TABLE `shopping_cart` (
  `cart_id` int(11) NOT NULL,
  `added_at` datetime(6) NOT NULL,
  `quantity` int(11) NOT NULL,
  `user_id` int(11) NOT NULL,
  `product_id` int(11) NOT NULL
) ENGINE=InnoDB DEFAULT CHARSET=utf8;

--
-- 傾印資料表的資料 `shopping_cart`
--

INSERT INTO `shopping_cart` (`cart_id`, `added_at`, `quantity`, `user_id`, `product_id`) VALUES
(259, '2025-08-28 11:56:06.818121', 2, 1, 10),
(260, '2025-08-28 14:31:09.423005', 1, 1, 9);

-- --------------------------------------------------------

--
-- 資料表結構 `tags`
--

CREATE TABLE `tags` (
  `tag_id` int(10) UNSIGNED NOT NULL,
  `name` varchar(50) COLLATE utf8mb4_unicode_ci NOT NULL
) ENGINE=InnoDB DEFAULT CHARSET=utf8mb4 COLLATE=utf8mb4_unicode_ci;

--
-- 傾印資料表的資料 `tags`
--

INSERT INTO `tags` (`tag_id`, `name`) VALUES
(1, '長期照顧'),
(2, '短期照顧'),
(3, '遛狗'),
(4, '餵食'),
(5, '洗澡'),
(6, '陪伴'),
(7, '醫療'),
(8, '清潔環境'),
(9, '無經驗可'),
(10, '接送服務'),
(11, '其他');

-- --------------------------------------------------------

--
-- 資料表結構 `userinfo`
--

CREATE TABLE `userinfo` (
  `user_id` int(10) UNSIGNED NOT NULL,
  `phonenumber` varchar(50) DEFAULT NULL,
  `icon` blob,
  `username` varchar(255) DEFAULT NULL,
  `password` varchar(255) NOT NULL,
  `gender` varchar(255) DEFAULT NULL,
  `accountemail` varchar(255) NOT NULL,
  `city` varchar(255) DEFAULT NULL,
  `district` varchar(255) DEFAULT NULL,
  `experience` varchar(255) DEFAULT NULL,
  `daily` varchar(255) DEFAULT NULL,
  `activities` varchar(255) DEFAULT NULL,
  `pet` varchar(255) DEFAULT NULL,
  `pet_activities` varchar(255) DEFAULT NULL,
  `isaccount` varchar(255) DEFAULT NULL,
  `isblacklist` varchar(255) DEFAULT NULL,
  `email_verification_code` varchar(255) DEFAULT NULL,
  `email_verified` tinyint(1) NOT NULL DEFAULT '0',
  `authority` varchar(255) DEFAULT NULL,
  `role` varchar(255) DEFAULT NULL
) ENGINE=InnoDB DEFAULT CHARSET=utf8;

--
-- 傾印資料表的資料 `userinfo`
--

INSERT INTO `userinfo` (`user_id`, `phonenumber`, `icon`, `username`, `password`, `gender`, `accountemail`, `city`, `district`, `experience`, `daily`, `activities`, `pet`, `pet_activities`, `isaccount`, `isblacklist`, `email_verification_code`, `email_verified`, `authority`, `role`) VALUES
(1, '0987487487', NULL, '測試會員', '$2a$10$W5brthWxHP.ytH.6lsLJVORLkOnlyOTTKfvzS4IHJefMKKKnD/1La', 'male', 'user@test.com', NULL, NULL, NULL, NULL, NULL, NULL, NULL, NULL, NULL, NULL, 1, 'ROLE_USER', 'USER'),
(2, '0978478478', NULL, '測試管理員', '$2a$10$.PbV6Oe2fPNxhqMgR2/TReaIJLJlZ2zk4f81OjacUR6ycrDicBSLS', 'female', 'admin@test.com', NULL, NULL, NULL, NULL, NULL, NULL, NULL, NULL, NULL, NULL, 1, 'ROLE_ADMIN', 'ADMIN'),
(7, '0912345678', NULL, 'admin1', '$2a$10$jUb9rQuvGojITFIuBuMuneBd6kO/c8Wq/Gjc27CO2Hz8vwlZ3svBy', NULL, 'admin1@gmail.com', NULL, NULL, NULL, NULL, NULL, NULL, NULL, NULL, NULL, NULL, 1, 'ROLE_USER', 'USER'),
(8, '0987654321', NULL, 'user1', '$2a$10$OjeJcX6O9WhyJaC7BsDjReHbruXr64OfnJUncIvl.CvMYTUlv8umq', NULL, 'steven861206@gmail.com', NULL, NULL, NULL, NULL, NULL, NULL, NULL, NULL, NULL, NULL, 1, 'ROLE_USER', 'USER');

-- --------------------------------------------------------

--
-- 資料表結構 `userinfo_backup`
--

CREATE TABLE `userinfo_backup` (
  `user_id` int(10) UNSIGNED NOT NULL,
  `phonenumber` varchar(255) DEFAULT NULL,
  `icon` blob COMMENT '頭像',
  `username` varchar(255) DEFAULT NULL,
  `password` varchar(255) DEFAULT NULL,
  `gender` varchar(255) DEFAULT NULL,
  `accountemail` varchar(255) DEFAULT NULL,
  `city` varchar(255) DEFAULT NULL,
  `district` varchar(255) DEFAULT NULL,
  `experience` varchar(255) DEFAULT NULL,
  `daily` varchar(255) DEFAULT NULL,
  `activities` varchar(255) DEFAULT NULL,
  `pet` varchar(255) DEFAULT NULL,
  `pet_activities` varchar(255) DEFAULT NULL,
  `isaccount` varchar(255) DEFAULT NULL,
  `isblacklist` varchar(255) DEFAULT NULL,
  `email_verification_code` varchar(255) DEFAULT NULL,
  `email_verified` tinyint(1) NOT NULL DEFAULT '0',
  `authority` varchar(255) DEFAULT NULL,
  `role` varchar(255) DEFAULT NULL
) ENGINE=InnoDB DEFAULT CHARSET=utf8;

--
-- 傾印資料表的資料 `userinfo_backup`
--

INSERT INTO `userinfo_backup` (`user_id`, `phonenumber`, `icon`, `username`, `password`, `gender`, `accountemail`, `city`, `district`, `experience`, `daily`, `activities`, `pet`, `pet_activities`, `isaccount`, `isblacklist`, `email_verification_code`, `email_verified`, `authority`, `role`) VALUES
(1, NULL, NULL, '測試會員', '123456', NULL, 'user@test.com', NULL, NULL, NULL, NULL, NULL, NULL, NULL, NULL, NULL, NULL, 0, NULL, NULL);

--
-- 已傾印資料表的索引
--

--
-- 資料表索引 `abuse_reports`
--
ALTER TABLE `abuse_reports`
  ADD PRIMARY KEY (`id`),
  ADD UNIQUE KEY `uq_abuse_once` (`post_id`,`reporter_user_id`),
  ADD KEY `idx_abuse_post` (`post_id`),
  ADD KEY `fk_abuse_post` (`post_id`),
  ADD KEY `fk_abuse_user` (`reporter_user_id`);

--
-- 資料表索引 `adopt_applications`
--
ALTER TABLE `adopt_applications`
  ADD PRIMARY KEY (`id`),
  ADD UNIQUE KEY `uq_applicant_post` (`post_id`,`applicant_user_id`),
  ADD KEY `idx_applicant` (`applicant_user_id`),
  ADD KEY `idx_app_status` (`status`),
  ADD KEY `idx_app_post` (`post_id`),
  ADD KEY `idx_app_reviewer_user` (`reviewed_by_user_id`);

--
-- 資料表索引 `adopt_feedbacks`
--
ALTER TABLE `adopt_feedbacks`
  ADD PRIMARY KEY (`id`),
  ADD KEY `idx_fb_post` (`post_id`),
  ADD KEY `idx_fb_adopter` (`adopter_user_id`),
  ADD KEY `idx_fb_date` (`feedback_date`);

--
-- 資料表索引 `adopt_posts`
--
ALTER TABLE `adopt_posts`
  ADD PRIMARY KEY (`id`),
  ADD KEY `idx_posts_status` (`status`),
  ADD KEY `idx_posts_source` (`source_type`,`status`),
  ADD KEY `idx_posts_city` (`city`,`district`),
  ADD KEY `idx_posts_owner_user` (`posted_by_user_id`);

--
-- 資料表索引 `contact_view_logs`
--
ALTER TABLE `contact_view_logs`
  ADD PRIMARY KEY (`id`),
  ADD KEY `idx_view_post_user` (`post_id`,`viewer_user_id`),
  ADD KEY `idx_view_time` (`viewed_at`),
  ADD KEY `fk_view_user` (`viewer_user_id`);

--
-- 資料表索引 `employees`
--
ALTER TABLE `employees`
  ADD PRIMARY KEY (`employee_id`);

--
-- 資料表索引 `petreport_adoptions`
--
ALTER TABLE `petreport_adoptions`
  ADD PRIMARY KEY (`id`),
  ADD UNIQUE KEY `uq_post_adopter` (`post_id_ext`,`adopter_user_id_ext`),
  ADD KEY `idx_adopter_user` (`adopter_user_id_ext`),
  ADD KEY `idx_adoption_date` (`adoption_date`);

--
-- 資料表索引 `petreport_feedbacks`
--
ALTER TABLE `petreport_feedbacks`
  ADD PRIMARY KEY (`id`),
  ADD KEY `idx_feedback_adoption` (`adoption_id`,`report_date`),
  ADD KEY `idx_feedback_month` (`report_month`);

--
-- 資料表索引 `post_reviews`
--
ALTER TABLE `post_reviews`
  ADD PRIMARY KEY (`id`),
  ADD KEY `idx_review_post` (`post_id`),
  ADD KEY `idx_review_user` (`reviewer_user_id`);

--
-- 資料表索引 `userinfo`
--
ALTER TABLE `userinfo`
  ADD PRIMARY KEY (`user_id`),
  ADD UNIQUE KEY `uk_userinfo_accountemail` (`accountemail`);

--
-- 資料表索引 `userinfo_backup`
--
ALTER TABLE `userinfo_backup`
  ADD PRIMARY KEY (`user_id`),
  ADD UNIQUE KEY `uk_userinfo_accountemail` (`accountemail`);

--
-- 在傾印的資料表使用自動遞增(AUTO_INCREMENT)
--

--
-- 使用資料表自動遞增(AUTO_INCREMENT) `abuse_reports`
--
ALTER TABLE `abuse_reports`
  MODIFY `id` bigint(20) NOT NULL AUTO_INCREMENT;

--
-- 使用資料表自動遞增(AUTO_INCREMENT) `adopt_applications`
--
ALTER TABLE `adopt_applications`
  MODIFY `id` bigint(20) NOT NULL AUTO_INCREMENT, AUTO_INCREMENT=15;

--
-- 使用資料表自動遞增(AUTO_INCREMENT) `adopt_feedbacks`
--
ALTER TABLE `adopt_feedbacks`
  MODIFY `id` bigint(20) NOT NULL AUTO_INCREMENT;

--
-- 使用資料表自動遞增(AUTO_INCREMENT) `adopt_posts`
--
ALTER TABLE `adopt_posts`
  MODIFY `id` int(10) UNSIGNED NOT NULL AUTO_INCREMENT, AUTO_INCREMENT=30;

--
-- 使用資料表自動遞增(AUTO_INCREMENT) `contact_view_logs`
--
ALTER TABLE `contact_view_logs`
  MODIFY `id` bigint(20) NOT NULL AUTO_INCREMENT;

--
-- 使用資料表自動遞增(AUTO_INCREMENT) `employees`
--
ALTER TABLE `employees`
  MODIFY `employee_id` int(10) UNSIGNED NOT NULL AUTO_INCREMENT, AUTO_INCREMENT=2;

--
-- 使用資料表自動遞增(AUTO_INCREMENT) `petreport_adoptions`
--
ALTER TABLE `petreport_adoptions`
  MODIFY `id` bigint(20) NOT NULL AUTO_INCREMENT, AUTO_INCREMENT=3;

--
-- 使用資料表自動遞增(AUTO_INCREMENT) `petreport_feedbacks`
--
ALTER TABLE `petreport_feedbacks`
  MODIFY `id` bigint(20) NOT NULL AUTO_INCREMENT, AUTO_INCREMENT=3;

--
-- 使用資料表自動遞增(AUTO_INCREMENT) `post_reviews`
--
ALTER TABLE `post_reviews`
  MODIFY `id` bigint(20) NOT NULL AUTO_INCREMENT, AUTO_INCREMENT=6;

--
-- 使用資料表自動遞增(AUTO_INCREMENT) `userinfo`
--
ALTER TABLE `userinfo`
  MODIFY `user_id` int(10) UNSIGNED NOT NULL AUTO_INCREMENT, AUTO_INCREMENT=9;

--
-- 已傾印資料表的限制式
--

--
-- 資料表的限制式 `abuse_reports`
--
ALTER TABLE `abuse_reports`
  ADD CONSTRAINT `fk_abuse_post` FOREIGN KEY (`post_id`) REFERENCES `adopt_posts` (`id`) ON DELETE CASCADE ON UPDATE CASCADE,
  ADD CONSTRAINT `fk_abuse_user` FOREIGN KEY (`reporter_user_id`) REFERENCES `userinfo` (`user_id`) ON DELETE CASCADE ON UPDATE CASCADE;

--
-- 資料表的限制式 `adopt_applications`
--
ALTER TABLE `adopt_applications`
  ADD CONSTRAINT `fk_app_post` FOREIGN KEY (`post_id`) REFERENCES `adopt_posts` (`id`) ON DELETE CASCADE ON UPDATE CASCADE,
  ADD CONSTRAINT `fk_app_reviewer_user` FOREIGN KEY (`reviewed_by_user_id`) REFERENCES `userinfo` (`user_id`) ON DELETE SET NULL ON UPDATE CASCADE,
  ADD CONSTRAINT `fk_applicant_user` FOREIGN KEY (`applicant_user_id`) REFERENCES `userinfo` (`user_id`) ON DELETE CASCADE ON UPDATE CASCADE;

--
-- 資料表的限制式 `adopt_posts`
--
ALTER TABLE `adopt_posts`
  ADD CONSTRAINT `fk_ap_posts_user` FOREIGN KEY (`posted_by_user_id`) REFERENCES `userinfo` (`user_id`) ON DELETE SET NULL ON UPDATE CASCADE;

--
-- 資料表的限制式 `contact_view_logs`
--
ALTER TABLE `contact_view_logs`
  ADD CONSTRAINT `fk_view_user` FOREIGN KEY (`viewer_user_id`) REFERENCES `userinfo` (`user_id`) ON DELETE SET NULL ON UPDATE CASCADE;

--
-- 資料表的限制式 `petreport_feedbacks`
--
ALTER TABLE `petreport_feedbacks`
  ADD CONSTRAINT `fk_feedback_adoption` FOREIGN KEY (`adoption_id`) REFERENCES `petreport_adoptions` (`id`) ON DELETE CASCADE;

--
-- 資料表的限制式 `post_reviews`
--
ALTER TABLE `post_reviews`
  ADD CONSTRAINT `fk_review_post` FOREIGN KEY (`post_id`) REFERENCES `adopt_posts` (`id`) ON DELETE CASCADE ON UPDATE CASCADE,
  ADD CONSTRAINT `fk_review_user` FOREIGN KEY (`reviewer_user_id`) REFERENCES `userinfo` (`user_id`) ON DELETE SET NULL ON UPDATE CASCADE;
COMMIT;

/*!40101 SET CHARACTER_SET_CLIENT=@OLD_CHARACTER_SET_CLIENT */;
/*!40101 SET CHARACTER_SET_RESULTS=@OLD_CHARACTER_SET_RESULTS */;
/*!40101 SET COLLATION_CONNECTION=@OLD_COLLATION_CONNECTION */;
